{
  "singular_values": [
    0.872637927532196,
    0.29754823446273804,
    0.1608920842409134,
    0.07798194140195847,
    0.05087185278534889,
    0.014516999945044518,
    0.006648947950452566,
    0.005532284267246723,
    0.0010977364145219326,
    0.0005014471244066954,
    0.00026293311384506524,
    0.0001827330415835604,
    0.0001663968141656369,
    0.00013686103920917958,
    8.803461969364434e-05,
    5.236574725131504e-05,
    2.5831877792370506e-05,
    1.225079995492706e-05,
    8.750523193157278e-06,
    5.979080015094951e-06,
    3.225970203857287e-06,
    2.2407571123039816e-06,
    1.7625906139073777e-06,
    1.4848138789602672e-06
  ],
  "energy_ratio": [
    0.8605706095695496,
    0.10005368292331696,
    0.029254164546728134,
    0.006872368045151234,
    0.0029246469493955374,
    0.0002381617814535275,
    4.996020288672298e-05,
    3.458814899204299e-05,
    1.3618035836771014e-06,
    2.841637183337298e-07,
    7.812840152610079e-08,
    3.773570966814077e-08,
    3.129020242909064e-08,
    2.11679118677921e-08,
    8.758410885434387e-09,
    3.0989382171497937e-09,
    7.541023361312682e-10,
    1.6960835513835093e-10,
    8.653392585822317e-11,
    4.040053014353617e-11,
    1.1760858779907846e-11,
    5.6742423260036645e-12,
    3.5109224555407437e-12,
    2.4915085185955865e-12
  ],
  "n_modes": 9,
  "energy_captured": 0.9999995345826506,
  "tolerance": 0.001
}